Pergunta,Resposta
"Como posso depurar um código em JavaScript?","Você pode usar o console.log() para depurar, ou utilizar as ferramentas de desenvolvedor no seu navegador, que incluem um depurador."
"O que é um servidor web?","Um servidor web é um software que entrega páginas da web a um navegador."
"Qual a função do Git?","O Git é um sistema de controle de versão distribuído usado para rastrear mudanças no código-fonte durante o desenvolvimento."
"Como fazer um commit no Git?","Para fazer um commit no Git, use o comando: git commit -m 'mensagem'."
"Qual é a diferença entre HTTP e HTTPS?","O HTTPS usa criptografia SSL/TLS para garantir a segurança, enquanto o HTTP não."
"O que é uma API?","API significa Interface de Programação de Aplicações e permite que sistemas diferentes se comuniquem."
"O que é um banco de dados relacional?","É um banco de dados que armazena dados em tabelas relacionadas por chaves."
"Para que serve o Docker?","O Docker é uma plataforma que permite criar e gerenciar containers para isolar aplicações."
"Como instalar pacotes no Node.js?","Use o comando npm install seguido do nome do pacote para instalar no Node.js."
"O que é um ORM?","ORM (Object-Relational Mapping) é uma técnica que converte dados entre um sistema de banco de dados relacional e um modelo de objetos."
"Como rodar um servidor local no Python?","No terminal, use o comando: python -m http.server."
"O que é REST?","REST é um padrão de arquitetura para comunicação entre sistemas que usa HTTP."
"Como criar um branch no Git?","Use o comando git branch nome-do-branch para criar um novo branch."
"O que é CI/CD?","CI/CD refere-se à Integração Contínua e à Entrega/Deploy Contínua, que automatizam os testes e a entrega do código."
"O que é o Node.js?","Node.js é um ambiente de execução JavaScript no lado do servidor."
"O que é um framework?","Um framework é um conjunto de ferramentas e bibliotecas que facilita o desenvolvimento de software."
"O que é refatoração?","Refatoração é o processo de melhorar o código sem alterar sua funcionalidade."
"Como criar uma API RESTful?","Uma API RESTful deve seguir os princípios REST e expor endpoints via HTTP para criar, ler, atualizar e deletar dados."
"Para que serve o NPM?","O NPM é o gerenciador de pacotes do Node.js, usado para instalar e gerenciar bibliotecas e dependências."
"O que é um teste unitário?","Um teste unitário é um teste automatizado que verifica a funcionalidade de uma parte específica do código."
"O que é o Kubernetes?","Kubernetes é uma plataforma de orquestração de containers que automatiza o gerenciamento de clusters de containers."
"Qual a diferença entre variáveis globais e locais?","Variáveis globais podem ser acessadas de qualquer parte do código, enquanto variáveis locais são limitadas ao escopo onde foram declaradas."
"Como faço para trabalhar com Promises no JavaScript?","Uma Promise em JavaScript representa um valor que pode estar disponível agora ou no futuro. Use .then() para lidar com o sucesso e .catch() para lidar com falhas."
"O que é a linguagem SQL?","SQL (Structured Query Language) é usada para gerenciar e manipular bancos de dados relacionais."
"O que é o React?","React é uma biblioteca JavaScript para construir interfaces de usuário, criada pelo Facebook."
"Para que serve o TypeScript?","TypeScript é uma linguagem baseada em JavaScript que adiciona tipagem estática e outros recursos ao JavaScript."
"O que é GitHub?","GitHub é uma plataforma para hospedagem de repositórios Git, usada para colaboração e controle de versão de código."
"Como trabalhar com async/await no JavaScript?","Async/await é uma sintaxe simplificada para trabalhar com Promises. Async marca a função como assíncrona e await espera a resolução de uma Promise."
"O que é um microserviço?","Um microserviço é uma arquitetura que divide uma aplicação em pequenos serviços independentes, cada um com sua própria responsabilidade."
"O que é uma função anônima em JavaScript?","Uma função anônima é uma função sem nome, usada geralmente como argumento em outras funções."
"Como inicializar um projeto com o Angular?","Use o comando: ng new nome-do-projeto para inicializar um projeto no Angular."
"O que é o Docker Compose?","Docker Compose é uma ferramenta para definir e gerenciar ambientes de múltiplos containers em Docker."
"O que é o AWS Lambda?","AWS Lambda é um serviço da Amazon que permite executar código sem precisar gerenciar servidores."
"Como faço para trabalhar com JSON em JavaScript?","Use JSON.parse() para transformar uma string JSON em objeto e JSON.stringify() para transformar um objeto em JSON."
"O que é o Vue.js?","Vue.js é um framework JavaScript para construir interfaces de usuário reativas."
"O que significa TDD?","TDD (Test Driven Development) é uma abordagem de desenvolvimento onde testes são escritos antes do código."
"Como conectar ao MongoDB no Node.js?","Use a biblioteca Mongoose no Node.js para conectar ao MongoDB."
"O que é uma função de callback em JavaScript?","Uma função de callback é uma função passada como argumento para outra, que é executada após a conclusão de uma operação."
"O que é o Next.js?","Next.js é um framework React usado para criar aplicações de servidor e renderização no lado do servidor."
"Para que serve o Webpack?","O Webpack é um empacotador de módulos para JavaScript que agrupa todos os arquivos e dependências em um único arquivo de saída."
"O que é o SQL Injection?","SQL Injection é uma técnica de ataque onde comandos SQL são inseridos em consultas para manipular um banco de dados."
"Como faço para lidar com erros em JavaScript?","Use o bloco try...catch para capturar e tratar erros no JavaScript."
"O que é o GraphQL?","GraphQL é uma linguagem de consulta para APIs que permite solicitar dados de forma precisa."
"O que é DevOps?","DevOps é um conjunto de práticas que unifica o desenvolvimento de software (Dev) e as operações de TI (Ops)."
"Como instanciar um objeto em Python?","Use a palavra-chave class para definir uma classe e depois instancie com o nome_da_classe()."
"O que é o Redis?","Redis é um banco de dados chave-valor em memória, usado frequentemente para cache."
"O que é POO?","POO (Programação Orientada a Objetos) é um paradigma de programação baseado em objetos, onde o código é estruturado em torno de classes e métodos."
"O que é o JavaScript ES6?","ES6 é uma versão do JavaScript que introduziu novas funcionalidades como let, const, arrow functions, template strings, etc."
"O que é o CI?","CI (Integração Contínua) é a prática de integrar frequentemente o código ao repositório principal, permitindo testes e validações automáticas."
"Como criar uma classe em Python?","Use o comando class NomeDaClasse: seguido de funções e atributos para definir uma classe."
"Qual é a diferença entre frontend e backend?","Frontend é a parte visual de um site ou aplicativo, enquanto o backend envolve o servidor e banco de dados."
"O que é refatoração de código?","Refatoração é o processo de reescrever o código para torná-lo mais eficiente sem mudar sua funcionalidade."
"O que é uma função pura?","Uma função pura é uma função que sempre retorna o mesmo resultado para as mesmas entradas e não tem efeitos colaterais."
"Como funciona o versionamento semântico?","Versionamento semântico usa três números (major.minor.patch) para indicar mudanças: major para mudanças incompatíveis, minor para novos recursos, e patch para correções de bugs."
"O que é o CORS?","CORS (Cross-Origin Resource Sharing) é um mecanismo que permite que recursos de uma página sejam acessados por outro domínio."
"O que é uma Closure em JavaScript?","Closure é quando uma função 'lembra' das variáveis do seu escopo de origem mesmo após ter sido executada."
"Qual é a função do package.json no Node.js?","O arquivo package.json contém metadados sobre o projeto, como dependências, scripts e versão."
"O que é um pipeline de CI/CD?","Um pipeline de CI/CD é uma série de etapas automáticas usadas para construir, testar e implantar software."
"Como fazer deploy de uma aplicação no Heroku?","Para fazer deploy no Heroku, use o Git para enviar o código ao repositório Heroku remoto e ele cuidará do resto."
"O que é Lazy Loading?","Lazy Loading é uma técnica que carrega recursos (como imagens) apenas quando necessário, melhorando a performance."
"O que é SOLID?","SOLID é um conjunto de cinco princípios de design de software: SRP, OCP, LSP, ISP e DIP, que ajudam a criar código mais modular e flexível."
"Para que serve o ESLint?","ESLint é uma ferramenta de linting que analisa o código JavaScript em busca de erros e padrões de má prática."
"O que é Type Inference em TypeScript?","Type Inference é quando o TypeScript automaticamente deduz o tipo de uma variável com base no valor atribuído."
"Como configurar variáveis de ambiente em Node.js?","Variáveis de ambiente podem ser configuradas no Node.js usando o arquivo .env e acessadas com process.env."
"O que é um Token JWT?","JWT (JSON Web Token) é um padrão para transmitir informações de forma segura entre duas partes como um objeto JSON."
"O que é um Singleton?","Singleton é um padrão de design que restringe a criação de uma classe a apenas uma instância."
"Como usar o WebSocket em Node.js?","Você pode usar a biblioteca 'ws' para configurar um WebSocket no Node.js e se comunicar em tempo real."
"O que é uma Migration no contexto de banco de dados?","Migration é um conjunto de comandos que alteram a estrutura do banco de dados de forma controlada e rastreável."
"Qual a diferença entre var, let e const em JavaScript?","Var tem escopo de função, let e const têm escopo de bloco. Const não pode ser reassinada."
"O que é o Event Loop no JavaScript?","O Event Loop é o mecanismo que permite ao JavaScript realizar operações assíncronas, processando eventos em uma fila."
"Como configurar um Load Balancer?","Um Load Balancer distribui tráfego entre vários servidores. Pode ser configurado em serviços como AWS, GCP ou com software como Nginx."
"O que é o Prometheus?","Prometheus é uma ferramenta de monitoramento e alerta de código aberto projetada para gravar métricas em tempo real."
"O que é o FastAPI?","FastAPI é um framework web para criar APIs rápidas e seguras com Python, que utiliza tipagem e validação automática."
"Como fazer upload de arquivos no Node.js?","No Node.js, você pode usar a biblioteca multer para processar uploads de arquivos de formulários multipart."
"Qual a diferença entre Stack Overflow e Heap?","Stack é uma área de memória usada para armazenar variáveis locais e chamadas de função, enquanto Heap é usada para alocação dinâmica de memória."
"O que é um algoritmo de hash?","Um algoritmo de hash transforma dados de entrada em um valor de comprimento fixo, usado para identificar de forma única dados como senhas."
"Como configurar rotas no Express.js?","No Express.js, use o método app.get(), app.post(), etc., para definir rotas que correspondem a URLs específicas."
"O que é Injeção de Dependência?","Injeção de Dependência é um padrão de design onde um objeto recebe suas dependências de uma fonte externa, ao invés de criá-las internamente."
"O que é o EC2 da AWS?","EC2 (Elastic Compute Cloud) é um serviço da AWS que permite criar e gerenciar instâncias de máquinas virtuais na nuvem."
"Para que serve o Jest?","Jest é uma biblioteca de testes JavaScript criada pelo Facebook, usada para testar aplicativos React e outros tipos de código JavaScript."
"Como lidar com erros no Python?","Use o bloco try...except para capturar e tratar exceções no Python."
"O que é SSR no React?","SSR (Server-Side Rendering) é a prática de renderizar componentes React no servidor e enviar HTML pronto ao cliente."
"Qual a diferença entre SQL e NoSQL?","SQL é um banco de dados relacional com esquemas estruturados, enquanto NoSQL é não-relacional e pode usar documentos, grafos, etc."
"O que é o Axios?","Axios é uma biblioteca JavaScript para fazer requisições HTTP de maneira simples e eficiente."
"Como manipular data e hora no JavaScript?","Use o objeto Date para manipular datas e horários no JavaScript."
"O que são os Web Vitals?","Web Vitals são métricas de performance criadas pelo Google para medir a experiência do usuário em sites."
"O que é o Redux?","Redux é uma biblioteca JavaScript para gerenciamento de estado previsível, geralmente usada com React."
"Para que serve o Terraform?","Terraform é uma ferramenta de IaC (Infraestrutura como Código) usada para provisionar e gerenciar infraestruturas de forma declarativa."
"O que é o GraphQL Playground?","GraphQL Playground é uma interface gráfica interativa para testar e explorar APIs GraphQL."
"Como funciona a função map() em Python?","A função map() aplica uma função a todos os itens de um iterável (como listas) e retorna um iterador com os resultados."
"O que é Polyfill?","Polyfill é um código que implementa funcionalidades que não estão presentes em navegadores mais antigos, garantindo compatibilidade."
"Como fazer um mock de função em testes unitários?","Em testes unitários, você pode usar bibliotecas como Jest ou unittest.mock para criar mocks de funções e simular comportamentos."
"O que é o WebAssembly?","WebAssembly é um formato binário que permite rodar código de baixo nível, como C ou C++, diretamente no navegador com alta performance."
"Como declarar uma classe em JavaScript?","Em JavaScript, use a palavra-chave class seguida pelo nome da classe para declará-la."
"Como usar o serviço S3 da AWS?","O Amazon S3 é usado para armazenar e recuperar dados de qualquer lugar na web. Você pode interagir com o S3 usando o AWS SDK."
"Qual a diferença entre síncrono e assíncrono?","Operações síncronas são executadas sequencialmente, enquanto operações assíncronas podem ser iniciadas sem esperar pela conclusão da anterior."
"O que é um Teste de Integração?","Teste de Integração verifica a interação entre diferentes módulos ou serviços de uma aplicação para garantir que funcionem corretamente em conjunto."
"O que é SQL Injection?","SQL Injection é uma técnica de ataque que insere código malicioso em consultas SQL, comprometendo o banco de dados."
"Para que serve o MongoDB?","MongoDB é um banco de dados NoSQL baseado em documentos, utilizado para armazenar dados de forma flexível e escalável."
"Como proteger uma API RESTful?","Para proteger uma API RESTful, use autenticação (como OAuth), HTTPS, e valide entradas para evitar injeções de código."
"Como funciona o Garbage Collector no Java?","O Garbage Collector do Java automaticamente gerencia a memória, liberando objetos que não estão mais sendo utilizados."
"O que é o gRPC?","gRPC é um framework de RPC (Remote Procedure Call) que usa o protocolo HTTP/2 e pode serializar dados com Protobuf."
"Para que serve o Pylint?","Pylint é uma ferramenta que verifica erros e má práticas no código Python."
"Como configurar uma CDN?","Uma CDN (Content Delivery Network) distribui conteúdo por meio de servidores ao redor do mundo. Pode ser configurada em plataformas como Cloudflare."
"O que é o Elastic Beanstalk?","Elastic Beanstalk é um serviço da AWS que facilita o deploy e o gerenciamento de aplicações sem precisar gerenciar a infraestrutura."
"Como utilizar o Prisma no Node.js?","Prisma é um ORM que simplifica o trabalho com bancos de dados. Configure o Prisma com schema.prisma e use métodos do cliente gerado para consultas."
"O que é o Svelte?","Svelte é um framework JavaScript que compila seus componentes em código otimizado para o navegador, sem usar virtual DOM."
"O que é o JSON?","JSON (JavaScript Object Notation) é um formato leve de troca de dados, amplamente usado para comunicação entre cliente e servidor."
"oi","oi"
